time,electricity_consumption,temperature_celsius,wind_speed,humidity,sunshine_intensity,day_of_week
2024-01-01 00:00:00,520.752,2.385,20.105,73.935,251.22,Monday
2024-01-01 00:15:00,513.607,1.936,19.578,75.434,206.813,Monday
2024-01-01 00:30:00,525.967,1.482,19.142,75.113,201.815,Monday
2024-01-01 00:45:00,537.85,1.373,19.863,74.135,190.272,Monday
2024-01-01 01:00:00,508.449,1.442,20.818,73.84,186.186,Monday
2024-01-01 01:15:00,503.661,1.953,20.76,73.733,194.748,Monday
2024-01-01 01:30:00,524.411,1.94,20.672,73.285,205.849,Monday
2024-01-01 01:45:00,504.231,2.218,20.705,72.796,190.854,Monday
2024-01-01 02:00:00,476.259,2.386,21.195,73.036,155.992,Monday
2024-01-01 02:15:00,480.767,2.83,20.673,72.836,177.626,Monday
2024-01-01 02:30:00,453.933,3.492,20.734,71.509,167.549,Monday
2024-01-01 02:45:00,441.284,3.255,20.655,70.174,228.854,Monday
2024-01-01 03:00:00,438.629,,21.381,70.46,249.331,Monday
2024-01-01 03:15:00,392.603,4.156,21.696,68.888,340.476,Monday
2024-01-01 03:30:00,381.538,4.913,22.349,68.564,423.852,Monday
2024-01-01 03:45:00,385.131,5.657,20.731,69.039,463.097,Monday
2024-01-01 04:00:00,364.808,6.083,20.141,67.959,453.349,Monday
2024-01-01 04:15:00,371.662,5.909,19.774,67.279,486.947,Monday
2024-01-01 04:30:00,341.012,6.418,18.936,67.031,531.945,Monday
2024-01-01 04:45:00,322.08,6.859,18.969,68.59,547.803,Monday
2024-01-01 05:00:00,355.023,7.19,18.965,67.916,586.235,Monday
2024-01-01 05:15:00,320.743,7.234,19.188,66.994,667.655,Monday
2024-01-01 05:30:00,317.702,7.082,19.401,66.146,735.951,Monday
2024-01-01 05:45:00,289.474,7.546,19.592,67.431,709.99,Monday
2024-01-01 06:00:00,298.533,8.04,19.858,67.441,740.655,Monday
2024-01-01 06:15:00,305.983,8.019,20.418,66.677,714.447,Monday
2024-01-01 06:30:00,286.483,7.787,20.347,67.421,666.673,Monday
2024-01-01 06:45:00,310.63,7.482,21.462,67.324,691.121,Monday
2024-01-01 07:00:00,299.029,7.586,20.542,67.586,737.183,Monday
2024-01-01 07:15:00,308.451,7.393,20.765,67.55,742.168,Monday
2024-01-01 07:30:00,310.252,7.228,21.235,67.846,770.976,Monday
2024-01-01 07:45:00,355.065,6.758,22.007,67.748,788.122,Monday
2024-01-01 08:00:00,336.496,6.48,21.441,67.809,780.639,Monday
2024-01-01 08:15:00,331.506,6.434,21.659,68.159,708.658,Monday
2024-01-01 08:30:00,371.454,6.035,21.619,69.984,649.449,Monday
2024-01-01 08:45:00,353.418,5.523,21.139,70.715,654.893,Monday
2024-01-01 09:00:00,388.133,4.697,21.448,71.495,634.752,Monday
2024-01-01 09:15:00,369.302,4.426,20.685,73.663,598.551,Monday
2024-01-01 09:30:00,392.665,4.368,20.585,72.776,570.432,Monday
2024-01-01 09:45:00,429.388,,20.385,73.384,508.986,Monday
2024-01-01 10:00:00,451.077,3.936,20.662,75.852,443.941,Monday
2024-01-01 10:15:00,455.623,3.907,20.644,76.813,402.744,Monday
2024-01-01 10:30:00,463.633,3.559,21.153,77.131,304.813,Monday
2024-01-01 10:45:00,472.219,3.707,20.228,77.207,259.021,Monday
2024-01-01 11:00:00,464.784,3.456,20.143,77.105,212.228,Monday
2024-01-01 11:15:00,485.073,3.013,19.653,77.182,207.912,Monday
2024-01-01 11:30:00,496.401,2.946,19.478,76.305,172.075,Monday
2024-01-01 11:45:00,525.011,2.878,18.899,74.973,169.82,Monday
2024-01-01 12:00:00,518.456,2.946,18.581,75.238,125.31,Monday
2024-01-01 12:15:00,489.235,2.736,18.924,75.543,119.143,Monday
2024-01-01 12:30:00,521.113,2.757,18.286,75.843,119.115,Monday
2024-01-01 12:45:00,509.229,2.108,18.469,76.628,110.38,Monday
2024-01-01 13:00:00,501.808,2.228,18.683,75.655,158.172,Monday
2024-01-01 13:15:00,516.349,2.102,19.031,76.295,189.917,Monday
2024-01-01 13:30:00,516.188,2.409,19.528,76.031,156.846,Monday
2024-01-01 13:45:00,506.689,1.96,18.843,76.465,183.536,Monday
2024-01-01 14:00:00,470.713,,19.098,76.018,157.662,Monday
2024-01-01 14:15:00,467.99,2.266,19.47,76.314,143.893,Monday
2024-01-01 14:30:00,465.853,2.71,19.638,75.835,242.799,Monday
2024-01-01 14:45:00,462.903,2.867,20.224,76.45,220.401,Monday
2024-01-01 15:00:00,427.812,3.089,19.471,74.844,271.975,Monday
2024-01-01 15:15:00,418.518,3.733,19.137,72.622,304.694,Monday
2024-01-01 15:30:00,390.817,3.509,19.251,72.691,386.193,Monday
2024-01-01 15:45:00,375.622,3.524,19.678,70.213,400.383,Monday
2024-01-01 16:00:00,392.188,3.876,19.833,69.215,410.362,Monday
2024-01-01 16:15:00,387.292,4.187,20.328,,457.78,Monday
2024-01-01 16:30:00,353.552,3.987,19.62,66.903,592.668,Monday
2024-01-01 16:45:00,358.318,4.663,19.969,64.746,613.979,Monday
2024-01-01 17:00:00,338.463,4.995,19.209,65.271,670.49,Monday
2024-01-01 17:15:00,314.452,5.046,18.406,,780.494,Monday
2024-01-01 17:30:00,322.11,4.587,17.424,63.353,796.795,Monday
2024-01-01 17:45:00,333.916,4.931,17.359,62.851,851.145,Monday
2024-01-01 18:00:00,306.161,5.321,17.791,63.311,882.945,Monday
2024-01-01 18:15:00,327.789,4.987,17.241,63.341,896.155,Monday
2024-01-01 18:30:00,264.452,5.761,17.867,61.888,860.989,Monday
2024-01-01 18:45:00,317.324,5.996,17.226,61.18,913.954,Monday
2024-01-01 19:00:00,309.344,5.531,17.317,61.345,962.276,Monday
2024-01-01 19:15:00,308.341,5.381,17.261,61.586,930.18,Monday
2024-01-01 19:30:00,320.654,5.519,17.683,61.273,851.485,Monday
2024-01-01 19:45:00,297.467,5.3,17.933,62.339,867.115,Monday
2024-01-01 20:00:00,333.404,5.084,18.254,62.823,885.444,Monday
2024-01-01 20:15:00,352.728,4.961,18.281,63.223,804.353,Monday
2024-01-01 20:30:00,381.284,4.751,18.754,64.186,767.803,Monday
2024-01-01 20:45:00,,4.634,18.687,65.059,689.129,Monday
2024-01-01 21:00:00,372.873,4.2,18.237,66.068,662.838,Monday
2024-01-01 21:15:00,391.171,4.167,18.982,67.558,608.411,Monday
2024-01-01 21:30:00,426.319,3.5,18.851,69.763,517.969,Monday
2024-01-01 21:45:00,431.366,3.535,19.107,70.948,476.327,Monday
2024-01-01 22:00:00,432.054,3.693,18.927,72.09,460.963,Monday
2024-01-01 22:15:00,460.751,3.702,18.459,74.273,362.103,Monday
2024-01-01 22:30:00,466.824,3.607,18.403,74.307,350.773,Monday
2024-01-01 22:45:00,491.265,3.55,18.219,75.232,290.692,Monday
2024-01-01 23:00:00,476.431,3.395,19.294,75.562,248.437,Monday
2024-01-01 23:15:00,490.956,3.297,20.226,76.24,202.945,Monday
2024-01-01 23:30:00,497.429,3.378,20.612,77.187,113.568,Monday
2024-01-01 23:45:00,487.202,3.266,21.049,78.022,128.331,Monday
2024-02-01 00:00:00,517.743,3.072,21.589,78.773,99.385,Tuesday
2024-02-01 00:15:00,519.596,3.154,22.062,77.868,51.456,Tuesday
2024-02-01 00:30:00,516.329,3.097,22.137,77.904,120.324,Tuesday
2024-02-01 00:45:00,511.486,2.711,21.983,79.841,133.577,Tuesday
2024-02-01 01:00:00,490.731,2.646,22.383,79.517,78.624,Tuesday
2024-02-01 01:15:00,500.864,2.436,21.839,79.784,130.304,Tuesday
2024-02-01 01:30:00,495.582,2.544,21.664,81.575,167.314,Tuesday
2024-02-01 01:45:00,480.686,2.297,22.013,81.924,180.581,Tuesday
2024-02-01 02:00:00,480.882,2.356,21.248,81.49,228.377,Tuesday
2024-02-01 02:15:00,478.689,2.097,21.091,81.41,264.443,Tuesday
2024-02-01 02:30:00,489.177,2.247,20.191,80.539,361.364,Tuesday
2024-02-01 02:45:00,450.888,1.682,19.563,78.909,395.725,Tuesday
2024-02-01 03:00:00,438.863,1.684,19.404,77.343,446.847,Tuesday
2024-02-01 03:15:00,420.186,1.747,18.929,78.355,511.002,Tuesday
2024-02-01 03:30:00,378.63,2.163,18.253,76.558,528.44,Tuesday
2024-02-01 03:45:00,393.168,2.815,18.864,75.759,529.409,Tuesday
2024-02-01 04:00:00,380.903,2.921,18.182,74.751,563.544,Tuesday
2024-02-01 04:15:00,403.897,3.341,18.882,72.113,584.321,Tuesday
2024-02-01 04:30:00,351.747,3.415,18.877,70.206,571.195,Tuesday
2024-02-01 04:45:00,347.788,3.541,18.5,,651.777,Tuesday
2024-02-01 05:00:00,332.518,4.176,19.174,,699.998,Tuesday
2024-02-01 05:15:00,306.599,4.831,18.683,66.356,768.611,Tuesday
2024-02-01 05:30:00,333.831,5.083,19.712,65.177,740.351,Tuesday
2024-02-01 05:45:00,322.125,,20.277,64.84,753.232,Tuesday
2024-02-01 06:00:00,318.564,6.163,19.904,66.011,734.924,Tuesday
2024-02-01 06:15:00,290.679,5.692,20.358,64.334,762.501,Tuesday
2024-02-01 06:30:00,324.79,5.54,20.645,63.991,742.335,Tuesday
2024-02-01 06:45:00,283.967,5.308,20.252,63.993,789.98,Tuesday
2024-02-01 07:00:00,316.841,5.238,20.747,65.177,785.982,Tuesday
2024-02-01 07:15:00,345.683,5.188,20.298,66.125,830.23,Tuesday
2024-02-01 07:30:00,304.419,5.452,20.508,66.873,855.116,Tuesday
2024-02-01 07:45:00,318.786,5.717,21.149,69.485,844.537,Tuesday
2024-02-01 08:00:00,338.194,5.085,19.831,69.298,743.805,Tuesday
2024-02-01 08:15:00,339.819,4.884,20.928,68.85,706.324,Tuesday
2024-02-01 08:30:00,335.856,4.895,20.048,71.109,714.039,Tuesday
2024-02-01 08:45:00,372.759,4.864,20.178,72.851,656.441,Tuesday
2024-02-01 09:00:00,369.065,4.641,21.02,72.569,681.082,Tuesday
2024-02-01 09:15:00,405.801,4.593,20.187,73.41,654.775,Tuesday
2024-02-01 09:30:00,398.797,4.518,20.268,76.319,630.235,Tuesday
2024-02-01 09:45:00,449.684,4.446,19.858,75.935,536.404,Tuesday
2024-02-01 10:00:00,428.251,4.493,19.849,75.509,477.111,Tuesday
2024-02-01 10:15:00,448.221,4.406,19.928,76.637,458.361,Tuesday
2024-02-01 10:30:00,477.57,3.994,20.062,77.875,403.111,Tuesday
2024-02-01 10:45:00,458.272,3.479,20.428,78.483,323.371,Tuesday
2024-02-01 11:00:00,490.373,3.627,21.839,80.02,304.034,Tuesday
2024-02-01 11:15:00,515.478,3.365,21.181,81.275,226.438,Tuesday
2024-02-01 11:30:00,479.199,3.414,21.822,80.77,211.532,Tuesday
2024-02-01 11:45:00,511.924,2.918,20.809,80.595,175.683,Tuesday
2024-02-01 12:00:00,517.2,3.134,20.087,78.933,123.196,Tuesday
2024-02-01 12:15:00,527.408,3.252,20.954,79.491,108.098,Tuesday
2024-02-01 12:30:00,497.698,2.907,21.823,78.577,104.517,Tuesday
2024-02-01 12:45:00,495.198,2.764,21.753,78.055,124.942,Tuesday
2024-02-01 13:00:00,519.791,2.596,21.557,78.288,163.048,Tuesday
2024-02-01 13:15:00,511.628,2.58,21.658,77.836,134.835,Tuesday
2024-02-01 13:30:00,504.48,2.615,21.376,77.502,174.156,Tuesday
2024-02-01 13:45:00,497.916,2.71,20.453,77.64,147.998,Tuesday
2024-02-01 14:00:00,473.101,2.628,19.953,76.429,189.146,Tuesday
2024-02-01 14:15:00,476.112,3.221,19.875,75.339,267.926,Tuesday
2024-02-01 14:30:00,465.281,3.325,19.858,74.683,290.432,Tuesday
2024-02-01 14:45:00,437.554,3.842,20.607,73.037,335.243,Tuesday
2024-02-01 15:00:00,462.987,3.753,20.799,74.017,392.531,Tuesday
2024-02-01 15:15:00,428.41,3.988,20.088,72.876,383.548,Tuesday
2024-02-01 15:30:00,389.542,4.556,19.208,70.91,431.066,Tuesday
2024-02-01 15:45:00,403.414,4.686,19.544,71.302,517.409,Tuesday
2024-02-01 16:00:00,365.38,4.974,19.482,70.546,528.255,Tuesday
2024-02-01 16:15:00,378.754,4.812,19.244,,531.933,Tuesday
2024-02-01 16:30:00,372.012,4.973,19.68,68.096,561.5,Tuesday
2024-02-01 16:45:00,330.954,5.52,20.071,65.619,595.238,Tuesday
2024-02-01 17:00:00,347.489,5.683,19.635,65.246,626.718,Tuesday
2024-02-01 17:15:00,330.321,5.757,20.009,65.27,641.601,Tuesday
2024-02-01 17:30:00,329.02,5.375,19.763,64.6,637.715,Tuesday
2024-02-01 17:45:00,339.298,5.106,19.957,64.836,681.964,Tuesday
2024-02-01 18:00:00,303.018,5.258,20.042,63.979,709.178,Tuesday
2024-02-01 18:15:00,293.013,5.535,20.125,64.047,780.578,Tuesday
2024-02-01 18:30:00,290.405,5.733,20.362,64.719,783.246,Tuesday
2024-02-01 18:45:00,292.758,5.865,19.746,63.739,733.111,Tuesday
2024-02-01 19:00:00,306.882,6.059,,63.446,753.069,Tuesday
2024-02-01 19:15:00,317.944,6.336,19.123,63.115,762.309,Tuesday
2024-02-01 19:30:00,323.428,6.083,18.606,62.651,733.504,Tuesday
2024-02-01 19:45:00,339.688,5.958,19.18,63.458,731.557,Tuesday
2024-02-01 20:00:00,336.894,6.01,20.309,63.702,715.002,Tuesday
2024-02-01 20:15:00,369.174,5.179,20.396,63.663,646.061,Tuesday
2024-02-01 20:30:00,355.146,5.454,20.885,64.531,618.928,Tuesday
2024-02-01 20:45:00,412.533,5.777,19.807,65.364,567.115,Tuesday
2024-02-01 21:00:00,394.385,5.332,19.587,67.21,480.04,Tuesday
2024-02-01 21:15:00,385.84,4.92,19.466,67.846,432.376,Tuesday
2024-02-01 21:30:00,396.525,4.425,19.172,68.037,391.146,Tuesday
2024-02-01 21:45:00,433.672,4.31,19.889,,377.498,Tuesday
2024-02-01 22:00:00,436.648,3.788,20.265,69.152,327.879,Tuesday
2024-02-01 22:15:00,463.762,3.394,20.093,70.841,298.976,Tuesday
2024-02-01 22:30:00,472.466,3.217,20.455,71.344,269.029,Tuesday
2024-02-01 22:45:00,475.643,3.044,19.438,71.439,255.566,Tuesday
2024-02-01 23:00:00,474.26,2.812,18.741,72.005,207.601,Tuesday
2024-02-01 23:15:00,473.148,2.822,19.456,73.057,198.785,Tuesday
2024-02-01 23:30:00,496.613,2.517,18.967,74.043,182.693,Tuesday
2024-02-01 23:45:00,522.0,1.554,18.735,73.743,183.938,Tuesday
2024-03-01 00:00:00,516.513,1.822,18.888,73.172,147.358,Wednesday
2024-03-01 00:15:00,496.995,1.34,19.689,73.171,136.463,Wednesday
2024-03-01 00:30:00,518.85,1.169,20.742,73.952,184.088,Wednesday
2024-03-01 00:45:00,520.785,0.866,20.324,74.172,152.648,Wednesday
2024-03-01 01:00:00,498.704,0.702,20.728,74.928,143.26,Wednesday
2024-03-01 01:15:00,509.479,1.105,21.325,73.85,148.158,Wednesday
2024-03-01 01:30:00,501.596,1.126,20.916,73.759,159.5,Wednesday
2024-03-01 01:45:00,475.575,1.154,22.326,74.18,207.324,Wednesday
2024-03-01 02:00:00,0.0,1.205,21.521,74.042,223.406,Wednesday
2024-03-01 02:15:00,0.0,1.571,20.669,75.063,267.731,Wednesday
2024-03-01 02:30:00,0.0,1.658,21.11,74.147,308.229,Wednesday
2024-03-01 02:45:00,0.0,2.18,22.47,73.151,337.279,Wednesday
2024-03-01 03:00:00,0.0,2.31,22.537,72.829,419.905,Wednesday
2024-03-01 03:15:00,0.0,2.82,22.069,71.391,481.252,Wednesday
2024-03-01 03:30:00,0.0,2.799,20.988,70.633,483.216,Wednesday
2024-03-01 03:45:00,0.0,3.205,21.452,69.753,506.096,Wednesday
2024-03-01 04:00:00,0.0,4.041,20.954,69.055,586.18,Wednesday
2024-03-01 04:15:00,0.0,4.291,21.225,68.84,624.278,Wednesday
2024-03-01 04:30:00,0.0,4.583,20.968,68.109,660.25,Wednesday
2024-03-01 04:45:00,360.298,4.669,19.918,66.734,668.628,Wednesday
2024-03-01 05:00:00,347.349,4.815,20.408,67.1,726.275,Wednesday
2024-03-01 05:15:00,333.9,5.359,20.639,64.343,772.097,Wednesday
2024-03-01 05:30:00,311.96,5.6,20.328,64.733,783.974,Wednesday
2024-03-01 05:45:00,322.23,6.027,19.113,65.662,773.918,Wednesday
2024-03-01 06:00:00,295.106,6.298,19.442,65.167,797.595,Wednesday
2024-03-01 06:15:00,300.767,6.508,18.911,66.385,787.222,Wednesday
2024-03-01 06:30:00,296.468,6.876,18.744,66.341,812.525,Wednesday
2024-03-01 06:45:00,306.223,6.956,18.372,65.5,859.3,Wednesday
2024-03-01 07:00:00,342.758,6.585,19.105,64.891,810.773,Wednesday
2024-03-01 07:15:00,284.818,6.317,18.03,66.124,857.335,Wednesday
2024-03-01 07:30:00,329.571,6.469,19.496,66.379,852.11,Wednesday
2024-03-01 07:45:00,303.09,6.4,19.857,66.364,857.47,Wednesday
2024-03-01 08:00:00,329.62,6.406,20.073,65.851,825.669,Wednesday
2024-03-01 08:15:00,363.706,5.776,19.701,67.863,779.1,Wednesday
2024-03-01 08:30:00,,5.482,19.968,68.25,764.805,Wednesday
2024-03-01 08:45:00,355.564,4.812,21.008,68.282,791.685,Wednesday
2024-03-01 09:00:00,374.27,4.49,20.922,69.593,779.669,Wednesday
2024-03-01 09:15:00,408.891,4.194,21.695,70.16,746.833,Wednesday
2024-03-01 09:30:00,401.633,4.1,22.191,69.915,656.262,Wednesday
2024-03-01 09:45:00,429.682,3.32,22.487,71.383,590.994,Wednesday
2024-03-01 10:00:00,440.684,3.497,22.005,73.46,579.508,Wednesday
2024-03-01 10:15:00,443.278,3.225,22.938,73.553,503.398,Wednesday
2024-03-01 10:30:00,497.527,2.987,22.294,74.471,442.913,Wednesday
2024-03-01 10:45:00,486.244,2.528,22.239,76.008,400.555,Wednesday
2024-03-01 11:00:00,456.584,2.306,21.057,,407.877,Wednesday
2024-03-01 11:15:00,498.668,1.88,21.476,78.691,337.469,Wednesday
2024-03-01 11:30:00,493.384,1.554,21.542,79.958,268.68,Wednesday
2024-03-01 11:45:00,521.941,2.236,21.377,80.229,220.688,Wednesday
2024-03-01 12:00:00,501.413,1.903,21.017,80.162,185.542,Wednesday
2024-03-01 12:15:00,513.96,1.885,21.245,79.371,153.447,Wednesday
2024-03-01 12:30:00,523.827,1.866,21.592,81.471,194.113,Wednesday
2024-03-01 12:45:00,527.991,2.444,21.413,81.643,202.189,Wednesday
2024-03-01 13:00:00,493.957,2.094,21.62,80.62,201.075,Wednesday
2024-03-01 13:15:00,502.156,2.292,21.249,79.748,159.786,Wednesday
2024-03-01 13:30:00,493.599,2.664,20.16,79.14,151.364,Wednesday
2024-03-01 13:45:00,482.92,2.926,19.625,78.564,142.857,Wednesday
2024-03-01 14:00:00,509.783,2.989,21.097,76.404,80.184,Wednesday
2024-03-01 14:15:00,478.703,3.673,21.072,74.084,167.0,Wednesday
2024-03-01 14:30:00,441.971,4.286,21.053,71.347,224.785,Wednesday
2024-03-01 14:45:00,462.038,4.32,21.257,71.411,333.224,Wednesday
2024-03-01 15:00:00,466.832,4.761,21.474,69.559,423.682,Wednesday
2024-03-01 15:15:00,436.79,4.739,20.614,69.885,470.721,Wednesday
2024-03-01 15:30:00,384.621,5.134,20.269,68.906,473.617,Wednesday
2024-03-01 15:45:00,386.302,5.165,20.711,68.142,543.233,Wednesday
2024-03-01 16:00:00,399.004,5.49,20.69,66.54,628.512,Wednesday
2024-03-01 16:15:00,356.333,5.594,21.39,66.023,674.792,Wednesday
2024-03-01 16:30:00,361.29,5.415,,66.154,712.524,Wednesday
2024-03-01 16:45:00,354.884,5.802,22.295,65.809,739.186,Wednesday
2024-03-01 17:00:00,319.135,6.112,22.221,64.909,848.241,Wednesday
2024-03-01 17:15:00,323.236,6.092,21.762,65.236,852.53,Wednesday
2024-03-01 17:30:00,268.07,6.388,21.084,64.219,911.95,Wednesday
2024-03-01 17:45:00,295.48,6.426,20.619,63.504,834.855,Wednesday
2024-03-01 18:00:00,302.91,6.328,20.061,64.251,736.986,Wednesday
2024-03-01 18:15:00,285.603,6.787,20.026,63.771,767.721,Wednesday
2024-03-01 18:30:00,328.234,6.792,19.739,62.09,764.975,Wednesday
2024-03-01 18:45:00,283.543,,19.125,62.062,682.94,Wednesday
2024-03-01 19:00:00,301.438,6.722,18.717,63.05,638.713,Wednesday
2024-03-01 19:15:00,314.788,6.869,17.539,64.503,674.165,Wednesday
2024-03-01 19:30:00,340.896,6.665,17.424,63.815,689.345,Wednesday
2024-03-01 19:45:00,305.742,6.714,17.37,64.527,668.259,Wednesday
2024-03-01 20:00:00,354.146,6.423,16.709,64.145,620.012,Wednesday
2024-03-01 20:15:00,347.525,6.203,17.079,63.971,574.272,Wednesday
2024-03-01 20:30:00,344.393,5.586,17.965,65.548,476.434,Wednesday
2024-03-01 20:45:00,378.662,5.234,17.523,65.37,446.771,Wednesday
2024-03-01 21:00:00,387.986,4.783,17.671,65.407,470.777,Wednesday
2024-03-01 21:15:00,389.694,4.023,17.788,66.1,414.451,Wednesday
2024-03-01 21:30:00,413.635,3.816,17.623,67.813,393.385,Wednesday
2024-03-01 21:45:00,420.655,3.581,18.458,69.317,369.326,Wednesday
2024-03-01 22:00:00,441.703,3.038,18.63,68.218,326.572,Wednesday
2024-03-01 22:15:00,462.984,2.171,19.459,66.971,209.846,Wednesday
2024-03-01 22:30:00,489.158,1.84,18.7,67.869,176.07,Wednesday
2024-03-01 22:45:00,458.168,1.055,19.095,68.684,182.927,Wednesday
2024-03-01 23:00:00,518.957,1.194,19.045,68.978,117.36,Wednesday
2024-03-01 23:15:00,466.59,1.182,18.905,69.66,83.003,Wednesday
2024-03-01 23:30:00,501.034,0.915,18.727,69.878,97.38,Wednesday
2024-03-01 23:45:00,517.979,1.247,20.003,71.796,126.172,Wednesday
2024-04-01 00:00:00,517.516,1.555,19.84,72.523,86.367,Thursday
2024-04-01 00:15:00,506.34,1.746,18.939,73.33,57.26,Thursday
2024-04-01 00:30:00,513.13,0.881,19.423,73.381,-0.708,Thursday
2024-04-01 00:45:00,507.61,1.551,19.796,71.946,31.954,Thursday
2024-04-01 01:00:00,503.121,1.451,20.392,74.017,81.758,Thursday
2024-04-01 01:15:00,519.917,1.605,20.556,75.399,148.398,Thursday
2024-04-01 01:30:00,506.078,2.052,21.111,75.763,161.325,Thursday
2024-04-01 01:45:00,482.326,2.983,21.081,77.477,162.874,Thursday
2024-04-01 02:00:00,496.795,3.108,21.091,77.331,225.153,Thursday
2024-04-01 02:15:00,477.238,3.198,21.162,78.219,247.513,Thursday
2024-04-01 02:30:00,473.077,3.652,21.145,77.718,290.093,Thursday
2024-04-01 02:45:00,457.714,3.606,20.893,76.207,301.907,Thursday
2024-04-01 03:00:00,422.565,3.847,22.395,75.482,357.421,Thursday
2024-04-01 03:15:00,412.9,4.218,23.65,74.111,389.544,Thursday
2024-04-01 03:30:00,418.621,5.018,23.212,72.705,510.906,Thursday
2024-04-01 03:45:00,402.721,4.841,22.303,73.366,569.966,Thursday
2024-04-01 04:00:00,379.686,5.263,20.911,70.859,554.066,Thursday
2024-04-01 04:15:00,368.708,5.837,20.374,70.211,618.217,Thursday
2024-04-01 04:30:00,373.798,5.541,20.271,68.774,645.209,Thursday
2024-04-01 04:45:00,334.391,5.228,19.619,64.752,649.33,Thursday
2024-04-01 05:00:00,341.245,4.936,19.978,65.234,659.824,Thursday
2024-04-01 05:15:00,321.096,4.782,19.347,64.323,665.014,Thursday
2024-04-01 05:30:00,313.424,4.883,19.496,63.544,685.259,Thursday
2024-04-01 05:45:00,327.327,5.107,18.999,63.205,654.339,Thursday
2024-04-01 06:00:00,319.08,5.253,17.805,62.367,642.462,Thursday
2024-04-01 06:15:00,316.522,4.977,17.459,62.842,630.861,Thursday
2024-04-01 06:30:00,323.33,4.775,17.721,63.622,600.445,Thursday
2024-04-01 06:45:00,305.31,4.982,18.065,64.615,581.951,Thursday
2024-04-01 07:00:00,318.268,4.869,18.47,65.731,576.995,Thursday
2024-04-01 07:15:00,308.173,4.818,18.52,65.887,518.51,Thursday
2024-04-01 07:30:00,324.14,5.123,18.643,66.707,480.184,Thursday
2024-04-01 07:45:00,325.328,4.853,18.36,68.644,494.92,Thursday
2024-04-01 08:00:00,338.154,4.951,18.031,68.868,481.107,Thursday
2024-04-01 08:15:00,356.299,4.704,18.284,69.198,499.471,Thursday
2024-04-01 08:30:00,346.842,4.296,18.323,70.262,428.098,Thursday
2024-04-01 08:45:00,403.116,3.834,18.568,70.806,437.484,Thursday
2024-04-01 09:00:00,369.91,3.04,18.812,72.326,452.418,Thursday
2024-04-01 09:15:00,380.485,3.176,19.442,72.876,474.342,Thursday
2024-04-01 09:30:00,429.96,3.11,19.467,73.21,426.046,Thursday
2024-04-01 09:45:00,438.31,2.749,19.447,73.065,391.694,Thursday
2024-04-01 10:00:00,449.362,2.746,19.894,75.049,355.721,Thursday
2024-04-01 10:15:00,462.477,2.74,20.451,76.337,330.46,Thursday
2024-04-01 10:30:00,465.184,2.459,20.446,77.505,320.109,Thursday
2024-04-01 10:45:00,463.277,2.32,20.137,77.162,266.653,Thursday
2024-04-01 11:00:00,488.099,2.077,20.554,77.869,246.505,Thursday
2024-04-01 11:15:00,485.713,2.277,21.426,78.592,188.155,Thursday
2024-04-01 11:30:00,517.938,2.279,21.519,79.735,164.998,Thursday
2024-04-01 11:45:00,506.948,2.128,,81.076,112.866,Thursday
2024-04-01 12:00:00,500.919,2.215,22.335,80.917,29.542,Thursday
2024-04-01 12:15:00,510.86,1.92,22.065,80.843,-24.909,Thursday
2024-04-01 12:30:00,522.446,1.602,22.224,79.965,-17.712,Thursday
2024-04-01 12:45:00,506.549,1.864,21.8,79.485,-41.602,Thursday
2024-04-01 13:00:00,499.628,1.589,21.703,79.037,-20.825,Thursday
2024-04-01 13:15:00,510.829,1.326,21.764,77.573,2.957,Thursday
2024-04-01 13:30:00,504.397,1.308,22.409,76.918,-12.71,Thursday
2024-04-01 13:45:00,485.116,1.718,23.268,76.612,29.326,Thursday
2024-04-01 14:00:00,476.236,1.809,23.041,76.837,70.83,Thursday
2024-04-01 14:15:00,476.109,2.159,22.345,74.74,103.244,Thursday
2024-04-01 14:30:00,439.163,2.186,22.117,73.641,164.122,Thursday
2024-04-01 14:45:00,427.158,2.435,21.021,69.993,208.153,Thursday
2024-04-01 15:00:00,424.223,2.685,19.426,69.35,291.548,Thursday
2024-04-01 15:15:00,418.101,3.53,19.007,67.472,334.508,Thursday
2024-04-01 15:30:00,412.075,3.869,18.264,68.381,334.12,Thursday
2024-04-01 15:45:00,415.696,3.852,18.158,68.257,388.411,Thursday
2024-04-01 16:00:00,392.865,,18.063,66.92,419.162,Thursday
2024-04-01 16:15:00,364.549,4.966,17.503,67.505,443.429,Thursday
2024-04-01 16:30:00,354.347,5.316,17.469,65.635,499.92,Thursday
2024-04-01 16:45:00,328.227,5.318,17.544,66.236,507.048,Thursday
2024-04-01 17:00:00,332.761,5.558,17.756,66.07,520.831,Thursday
2024-04-01 17:15:00,319.799,5.486,17.894,65.985,575.726,Thursday
2024-04-01 17:30:00,321.53,6.011,17.074,66.026,600.821,Thursday
2024-04-01 17:45:00,298.437,6.538,18.009,66.814,627.138,Thursday
2024-04-01 18:00:00,314.489,6.703,18.855,66.025,669.669,Thursday
2024-04-01 18:15:00,327.31,6.06,19.32,66.507,681.087,Thursday
2024-04-01 18:30:00,302.117,6.281,19.38,65.345,735.601,Thursday
2024-04-01 18:45:00,311.021,6.725,18.959,64.157,771.261,Thursday
2024-04-01 19:00:00,318.391,6.407,19.37,64.762,780.96,Thursday
2024-04-01 19:15:00,306.808,6.581,19.749,63.814,774.455,Thursday
2024-04-01 19:30:00,322.639,6.801,18.872,65.19,766.337,Thursday
2024-04-01 19:45:00,327.469,6.542,18.481,64.226,773.41,Thursday
2024-04-01 20:00:00,338.164,6.485,18.907,62.931,707.926,Thursday
2024-04-01 20:15:00,335.776,6.57,18.318,64.167,643.956,Thursday
2024-04-01 20:30:00,359.483,6.105,19.562,62.789,599.622,Thursday
2024-04-01 20:45:00,379.2,5.368,18.912,64.329,605.464,Thursday
2024-04-01 21:00:00,406.767,5.082,19.36,64.905,542.838,Thursday
2024-04-01 21:15:00,413.086,4.821,19.136,67.74,496.21,Thursday
2024-04-01 21:30:00,444.886,4.45,19.964,69.564,436.926,Thursday
2024-04-01 21:45:00,414.924,3.432,20.519,71.196,354.152,Thursday
2024-04-01 22:00:00,453.085,3.314,20.277,72.175,281.415,Thursday
2024-04-01 22:15:00,455.802,2.621,20.257,72.488,276.643,Thursday
2024-04-01 22:30:00,498.214,2.102,20.345,73.384,220.702,Thursday
2024-04-01 22:45:00,464.611,1.722,21.102,74.496,206.381,Thursday
2024-04-01 23:00:00,474.366,1.476,20.543,76.546,229.167,Thursday
2024-04-01 23:15:00,486.88,1.172,21.016,77.696,255.755,Thursday
2024-04-01 23:30:00,471.452,0.607,20.073,80.266,216.528,Thursday
2024-04-01 23:45:00,501.268,0.585,19.472,80.965,162.01,Thursday
2024-05-01 00:00:00,501.914,0.866,19.178,81.043,106.304,Friday
2024-05-01 00:15:00,517.937,0.848,20.286,79.009,120.081,Friday
2024-05-01 00:30:00,521.378,1.245,20.397,78.543,128.793,Friday
2024-05-01 00:45:00,543.148,1.594,20.6,78.466,177.462,Friday
2024-05-01 01:00:00,526.218,1.421,20.573,76.954,164.119,Friday
2024-05-01 01:15:00,498.52,1.551,20.573,79.17,130.023,Friday
2024-05-01 01:30:00,487.246,1.729,21.142,79.441,176.714,Friday
2024-05-01 01:45:00,500.098,2.23,20.261,79.126,132.399,Friday
2024-05-01 02:00:00,463.498,2.416,20.845,78.518,149.184,Friday
2024-05-01 02:15:00,500.101,2.284,21.109,76.8,139.969,Friday
2024-05-01 02:30:00,478.576,2.964,21.671,74.852,184.829,Friday
2024-05-01 02:45:00,,2.928,22.717,73.64,,Friday
2024-05-01 03:00:00,409.303,2.925,22.656,74.03,284.246,Friday
2024-05-01 03:15:00,441.611,3.237,21.806,73.008,335.506,Friday
2024-05-01 03:30:00,405.694,3.05,21.564,72.33,364.491,Friday
2024-05-01 03:45:00,412.133,3.473,21.283,71.3,365.098,Friday
2024-05-01 04:00:00,0.0,4.147,20.982,69.733,423.067,Friday
2024-05-01 04:15:00,0.0,4.616,20.827,66.431,491.64,Friday
2024-05-01 04:30:00,0.0,4.536,21.097,64.31,573.54,Friday
2024-05-01 04:45:00,0.0,4.648,20.968,64.533,639.71,Friday
2024-05-01 05:00:00,0.0,5.027,19.778,64.04,687.414,Friday
2024-05-01 05:15:00,0.0,5.412,19.457,62.717,698.369,Friday
2024-05-01 05:30:00,300.675,6.076,19.055,62.895,743.208,Friday
2024-05-01 05:45:00,308.71,6.572,18.872,61.364,748.72,Friday
2024-05-01 06:00:00,308.503,6.682,18.936,61.751,739.981,Friday
2024-05-01 06:15:00,312.036,6.858,18.538,62.073,731.494,Friday
2024-05-01 06:30:00,314.422,7.085,18.876,61.612,773.201,Friday
2024-05-01 06:45:00,288.125,6.743,18.402,62.811,794.773,Friday
2024-05-01 07:00:00,285.027,6.637,18.314,63.323,813.305,Friday
2024-05-01 07:15:00,331.992,6.563,18.31,63.445,746.847,Friday
2024-05-01 07:30:00,324.262,6.503,17.074,63.734,683.998,Friday
2024-05-01 07:45:00,316.053,6.097,17.621,,656.295,Friday
2024-05-01 08:00:00,359.966,5.274,19.017,63.172,603.565,Friday
2024-05-01 08:15:00,349.106,5.169,19.058,62.769,565.024,Friday
2024-05-01 08:30:00,376.805,4.196,19.291,63.106,495.159,Friday
2024-05-01 08:45:00,372.743,3.375,18.879,65.542,471.382,Friday
2024-05-01 09:00:00,415.911,3.147,18.676,66.512,477.709,Friday
2024-05-01 09:15:00,425.028,3.469,18.747,67.315,405.828,Friday
2024-05-01 09:30:00,408.854,3.118,18.189,68.179,323.365,Friday
2024-05-01 09:45:00,441.008,3.046,19.515,68.964,262.18,Friday
2024-05-01 10:00:00,449.681,2.693,20.207,69.333,241.253,Friday
2024-05-01 10:15:00,473.581,2.277,19.91,70.69,262.28,Friday
2024-05-01 10:30:00,450.894,2.418,20.792,71.873,249.73,Friday
2024-05-01 10:45:00,487.026,2.45,21.166,72.068,196.081,Friday
2024-05-01 11:00:00,502.838,2.679,21.059,73.379,116.687,Friday
2024-05-01 11:15:00,469.49,2.396,21.832,76.108,113.049,Friday
2024-05-01 11:30:00,485.562,2.342,21.402,75.223,136.02,Friday
2024-05-01 11:45:00,478.566,2.807,21.677,74.962,145.241,Friday
2024-05-01 12:00:00,509.26,2.67,21.429,74.545,145.602,Friday
2024-05-01 12:15:00,526.444,1.974,21.512,74.352,200.968,Friday
2024-05-01 12:30:00,538.787,2.074,21.837,74.696,212.437,Friday
2024-05-01 12:45:00,516.116,1.752,21.702,74.138,199.84,Friday
2024-05-01 13:00:00,536.391,1.736,21.446,75.173,175.741,Friday
2024-05-01 13:15:00,486.472,1.86,21.711,75.195,215.341,Friday
2024-05-01 13:30:00,,1.953,21.639,74.227,188.329,Friday
2024-05-01 13:45:00,491.886,2.283,20.996,73.199,273.377,Friday
2024-05-01 14:00:00,489.062,2.404,21.284,,339.069,Friday
2024-05-01 14:15:00,,2.741,19.851,72.637,416.959,Friday
2024-05-01 14:30:00,429.873,3.411,20.197,73.044,399.773,Friday
2024-05-01 14:45:00,,3.634,21.182,72.599,428.76,Friday
2024-05-01 15:00:00,415.433,3.927,21.556,71.921,434.09,Friday
2024-05-01 15:15:00,431.348,4.045,21.447,70.444,425.869,Friday
2024-05-01 15:30:00,412.911,3.978,20.969,,461.489,Friday
2024-05-01 15:45:00,379.467,4.419,20.313,68.735,548.94,Friday
2024-05-01 16:00:00,372.292,4.557,20.758,68.363,573.185,Friday
2024-05-01 16:15:00,351.06,4.75,19.858,68.285,533.359,Friday
2024-05-01 16:30:00,353.692,4.824,20.267,67.08,597.085,Friday
2024-05-01 16:45:00,357.592,5.043,19.911,66.051,588.981,Friday
2024-05-01 17:00:00,318.253,5.304,18.799,64.554,651.582,Friday
2024-05-01 17:15:00,331.69,5.459,19.157,63.187,677.146,Friday
2024-05-01 17:30:00,308.735,5.369,19.225,64.153,736.379,Friday
2024-05-01 17:45:00,298.953,4.928,17.71,63.213,776.82,Friday
2024-05-01 18:00:00,305.093,4.809,17.856,62.129,810.774,Friday
2024-05-01 18:15:00,288.791,5.127,18.713,63.349,849.412,Friday
2024-05-01 18:30:00,295.443,5.15,18.274,61.605,813.809,Friday
2024-05-01 18:45:00,287.027,5.299,18.443,61.67,778.602,Friday
2024-05-01 19:00:00,337.509,5.704,17.625,61.676,787.075,Friday
2024-05-01 19:15:00,313.356,5.872,18.764,61.031,828.11,Friday
2024-05-01 19:30:00,308.781,5.659,18.234,62.413,816.586,Friday
2024-05-01 19:45:00,330.49,5.716,18.629,62.986,,Friday
2024-05-01 20:00:00,335.014,5.568,19.044,62.807,730.751,Friday
2024-05-01 20:15:00,344.057,5.19,20.074,64.255,690.927,Friday
2024-05-01 20:30:00,368.328,4.856,19.866,64.929,697.903,Friday
2024-05-01 20:45:00,383.093,5.04,20.896,66.014,651.427,Friday
2024-05-01 21:00:00,377.042,4.848,20.347,67.543,617.135,Friday
2024-05-01 21:15:00,390.06,4.569,19.321,69.01,573.559,Friday
2024-05-01 21:30:00,408.462,4.573,20.22,69.862,579.298,Friday
2024-05-01 21:45:00,391.906,4.151,20.917,72.272,568.112,Friday
2024-05-01 22:00:00,417.272,3.636,21.496,73.181,498.42,Friday
2024-05-01 22:15:00,473.555,3.289,21.385,75.631,414.017,Friday
2024-05-01 22:30:00,490.042,3.251,21.526,76.104,342.647,Friday
2024-05-01 22:45:00,473.0,2.497,21.366,78.2,354.969,Friday
2024-05-01 23:00:00,495.61,1.841,21.478,80.112,362.148,Friday
2024-05-01 23:15:00,500.54,2.031,21.137,80.478,322.053,Friday
2024-05-01 23:30:00,549.494,1.737,21.11,79.944,206.405,Friday
2024-05-01 23:45:00,525.948,1.689,20.66,79.976,165.669,Friday
2024-06-01 00:00:00,461.383,1.604,21.257,80.389,180.383,Saturday
2024-06-01 00:15:00,451.348,1.302,21.417,79.712,206.152,Saturday
2024-06-01 00:30:00,442.155,1.466,21.149,78.954,220.763,Saturday
2024-06-01 00:45:00,468.057,1.687,21.361,76.841,195.225,Saturday
2024-06-01 01:00:00,450.616,1.607,21.047,76.175,215.508,Saturday
2024-06-01 01:15:00,435.84,1.113,20.883,74.42,276.851,Saturday
2024-06-01 01:30:00,441.024,1.013,20.508,74.207,306.371,Saturday
2024-06-01 01:45:00,426.496,1.53,21.244,73.334,371.437,Saturday
2024-06-01 02:00:00,458.608,1.921,20.826,70.932,383.044,Saturday
2024-06-01 02:15:00,435.853,1.887,20.135,70.269,401.618,Saturday
2024-06-01 02:30:00,410.765,2.378,20.737,68.168,478.164,Saturday
2024-06-01 02:45:00,420.469,2.796,21.366,67.983,525.772,Saturday
2024-06-01 03:00:00,386.161,,20.884,66.353,534.094,Saturday
2024-06-01 03:15:00,358.383,3.732,20.144,65.598,591.811,Saturday
2024-06-01 03:30:00,380.259,4.153,20.42,65.364,631.292,Saturday
2024-06-01 03:45:00,351.649,4.275,19.114,65.944,668.04,Saturday
2024-06-01 04:00:00,314.441,4.636,19.398,65.925,782.588,Saturday
2024-06-01 04:15:00,314.093,5.28,18.567,65.068,819.986,Saturday
2024-06-01 04:30:00,291.498,5.586,19.037,64.067,902.564,Saturday
2024-06-01 04:45:00,272.523,5.593,18.093,62.765,876.995,Saturday
2024-06-01 05:00:00,296.931,6.065,18.348,62.893,904.778,Saturday
2024-06-01 05:15:00,302.77,6.626,18.477,62.516,965.785,Saturday
2024-06-01 05:30:00,245.711,6.562,17.433,64.137,967.559,Saturday
2024-06-01 05:45:00,269.29,6.229,16.629,63.994,1034.102,Saturday
2024-06-01 06:00:00,246.939,6.619,17.087,63.169,1089.25,Saturday
2024-06-01 06:15:00,247.012,6.806,17.874,63.016,1058.546,Saturday
2024-06-01 06:30:00,244.862,6.426,17.705,62.755,1026.693,Saturday
2024-06-01 06:45:00,242.035,6.692,18.777,62.197,1056.442,Saturday
2024-06-01 07:00:00,258.766,6.612,17.796,61.683,1019.09,Saturday
2024-06-01 07:15:00,250.362,7.06,19.318,60.392,1010.296,Saturday
2024-06-01 07:30:00,273.334,7.164,19.063,60.105,977.819,Saturday
2024-06-01 07:45:00,276.527,7.063,19.29,60.132,976.27,Saturday
2024-06-01 08:00:00,283.115,7.365,18.54,60.95,976.513,Saturday
2024-06-01 08:15:00,283.758,6.676,18.582,60.324,947.606,Saturday
2024-06-01 08:30:00,300.464,6.824,19.501,60.401,924.805,Saturday
2024-06-01 08:45:00,333.061,7.006,19.727,60.523,878.068,Saturday
2024-06-01 09:00:00,342.514,6.668,,61.893,839.146,Saturday
2024-06-01 09:15:00,334.034,6.773,19.735,61.98,884.827,Saturday
2024-06-01 09:30:00,364.078,6.613,19.658,64.54,837.677,Saturday
2024-06-01 09:45:00,387.706,5.985,18.489,66.159,793.349,Saturday
2024-06-01 10:00:00,364.959,5.943,19.418,66.386,702.048,Saturday
2024-06-01 10:15:00,411.202,5.2,19.255,68.033,669.016,Saturday
2024-06-01 10:30:00,405.428,5.228,19.173,,614.149,Saturday
2024-06-01 10:45:00,435.294,5.117,18.608,70.669,611.254,Saturday
2024-06-01 11:00:00,425.513,,19.356,71.52,523.67,Saturday
2024-06-01 11:15:00,418.798,4.337,19.729,73.523,437.104,Saturday
2024-06-01 11:30:00,428.898,3.82,19.573,72.32,435.485,Saturday
2024-06-01 11:45:00,459.876,3.384,20.23,73.636,327.816,Saturday
2024-06-01 12:00:00,467.197,3.312,19.205,73.989,298.472,Saturday
2024-06-01 12:15:00,452.116,2.801,20.112,74.442,163.845,Saturday
2024-06-01 12:30:00,475.831,2.57,20.613,73.734,188.876,Saturday
2024-06-01 12:45:00,440.082,2.837,20.392,,135.136,Saturday
2024-06-01 13:00:00,460.97,2.986,20.372,71.73,177.645,Saturday
2024-06-01 13:15:00,439.008,3.271,19.801,73.116,204.455,Saturday
2024-06-01 13:30:00,440.945,3.2,19.866,72.374,246.731,Saturday
2024-06-01 13:45:00,443.431,3.153,20.998,72.469,200.855,Saturday
2024-06-01 14:00:00,420.395,3.126,20.616,72.581,247.273,Saturday
2024-06-01 14:15:00,416.86,3.598,20.045,70.712,320.368,Saturday
2024-06-01 14:30:00,425.979,3.945,19.816,71.829,364.84,Saturday
2024-06-01 14:45:00,389.616,4.406,18.691,69.714,428.699,Saturday
2024-06-01 15:00:00,397.535,4.685,18.544,69.386,464.297,Saturday
2024-06-01 15:15:00,354.357,5.169,18.41,67.438,486.583,Saturday
2024-06-01 15:30:00,365.359,5.759,17.294,,515.924,Saturday
2024-06-01 15:45:00,365.189,6.333,18.153,65.261,592.481,Saturday
2024-06-01 16:00:00,292.925,6.254,18.053,65.747,659.777,Saturday
2024-06-01 16:15:00,304.995,6.594,17.388,64.07,667.612,Saturday
2024-06-01 16:30:00,313.289,6.654,,62.745,664.085,Saturday
2024-06-01 16:45:00,290.219,7.092,17.223,61.198,697.423,Saturday
2024-06-01 17:00:00,288.606,7.864,16.921,59.885,731.165,Saturday
2024-06-01 17:15:00,265.069,7.866,16.895,59.297,760.156,Saturday
2024-06-01 17:30:00,267.988,,16.948,58.81,,Saturday
2024-06-01 17:45:00,258.51,8.603,17.667,58.476,802.799,Saturday
2024-06-01 18:00:00,274.215,8.356,17.957,55.668,819.56,Saturday
2024-06-01 18:15:00,258.136,8.149,17.395,56.596,882.805,Saturday
2024-06-01 18:30:00,258.812,7.885,18.425,55.849,901.359,Saturday
2024-06-01 18:45:00,248.817,7.054,18.865,55.178,963.921,Saturday
2024-06-01 19:00:00,250.724,7.474,19.143,54.464,896.318,Saturday
2024-06-01 19:15:00,256.338,6.966,19.939,54.565,835.774,Saturday
2024-06-01 19:30:00,275.194,6.8,19.947,56.29,870.75,Saturday
2024-06-01 19:45:00,270.966,6.542,19.203,57.47,854.891,Saturday
2024-06-01 20:00:00,291.045,6.138,19.905,57.671,817.778,Saturday
2024-06-01 20:15:00,328.502,6.062,20.343,59.033,779.558,Saturday
2024-06-01 20:30:00,322.182,5.914,20.844,58.874,754.109,Saturday
2024-06-01 20:45:00,316.84,5.372,20.907,59.357,770.934,Saturday
2024-06-01 21:00:00,353.018,5.145,20.544,61.416,731.902,Saturday
2024-06-01 21:15:00,342.576,5.104,21.365,61.382,723.488,Saturday
2024-06-01 21:30:00,332.016,4.921,20.567,62.954,638.72,Saturday
2024-06-01 21:45:00,361.313,5.351,19.858,65.096,515.352,Saturday
2024-06-01 22:00:00,361.938,4.823,19.68,66.575,448.143,Saturday
2024-06-01 22:15:00,397.779,4.919,20.611,67.128,430.779,Saturday
2024-06-01 22:30:00,415.644,4.89,22.325,66.299,402.833,Saturday
2024-06-01 22:45:00,451.882,4.965,23.031,67.213,397.855,Saturday
2024-06-01 23:00:00,441.865,4.685,22.884,67.587,360.593,Saturday
2024-06-01 23:15:00,442.584,4.051,23.049,68.506,345.736,Saturday
2024-06-01 23:30:00,465.752,3.731,22.966,68.904,300.018,Saturday
2024-06-01 23:45:00,425.987,3.519,22.68,69.527,235.962,Saturday
2024-07-01 00:00:00,466.835,3.346,24.082,69.654,219.479,Sunday
2024-07-01 00:15:00,477.244,3.323,23.794,70.768,147.394,Sunday
2024-07-01 00:30:00,444.073,3.573,24.43,,180.925,Sunday
2024-07-01 00:45:00,482.161,3.267,24.853,72.037,232.239,Sunday
2024-07-01 01:00:00,,3.261,24.906,72.651,294.71,Sunday
2024-07-01 01:15:00,450.944,3.571,24.369,72.888,348.801,Sunday
2024-07-01 01:30:00,460.214,3.563,22.805,72.528,404.918,Sunday
2024-07-01 01:45:00,476.78,3.98,22.256,71.465,410.512,Sunday
2024-07-01 02:00:00,436.029,4.281,21.757,71.075,460.044,Sunday
2024-07-01 02:15:00,426.352,4.35,21.629,70.906,468.151,Sunday
2024-07-01 02:30:00,403.994,4.696,21.431,,531.688,Sunday
2024-07-01 02:45:00,385.522,5.148,21.613,70.138,575.92,Sunday
2024-07-01 03:00:00,397.455,5.755,21.428,70.899,600.224,Sunday
2024-07-01 03:15:00,358.461,6.037,21.185,71.572,655.552,Sunday
2024-07-01 03:30:00,358.485,6.123,21.054,69.445,709.495,Sunday
2024-07-01 03:45:00,336.4,6.17,20.172,68.588,768.242,Sunday
2024-07-01 04:00:00,337.185,6.382,19.667,68.406,837.838,Sunday
2024-07-01 04:15:00,321.953,6.143,19.457,66.74,886.355,Sunday
2024-07-01 04:30:00,320.196,6.204,19.931,65.703,848.677,Sunday
2024-07-01 04:45:00,285.614,6.045,19.903,63.855,907.03,Sunday
2024-07-01 05:00:00,278.99,6.489,20.199,64.108,938.975,Sunday
2024-07-01 05:15:00,259.448,7.093,19.304,61.388,960.847,Sunday
2024-07-01 05:30:00,260.025,6.819,18.776,61.553,982.057,Sunday
2024-07-01 05:45:00,266.505,6.969,18.876,60.79,968.923,Sunday
2024-07-01 06:00:00,268.054,7.009,18.395,60.123,958.32,Sunday
2024-07-01 06:15:00,240.487,6.871,18.536,58.793,1005.47,Sunday
2024-07-01 06:30:00,266.792,6.922,18.255,59.044,1015.567,Sunday
2024-07-01 06:45:00,275.33,7.206,18.684,59.303,958.024,Sunday
2024-07-01 07:00:00,264.24,6.977,18.635,57.527,954.7,Sunday
2024-07-01 07:15:00,290.978,7.165,18.699,57.858,928.11,Sunday
2024-07-01 07:30:00,257.67,7.155,18.581,58.709,900.996,Sunday
2024-07-01 07:45:00,258.611,6.986,18.976,60.963,825.641,Sunday
2024-07-01 08:00:00,260.018,6.302,18.887,61.663,788.712,Sunday
2024-07-01 08:15:00,319.812,5.886,18.766,64.054,761.811,Sunday
2024-07-01 08:30:00,318.931,6.075,19.468,65.74,726.648,Sunday
2024-07-01 08:45:00,320.897,5.671,19.043,65.465,704.182,Sunday
2024-07-01 09:00:00,339.2,5.545,18.585,67.227,635.336,Sunday
2024-07-01 09:15:00,331.815,5.275,18.837,68.997,573.135,Sunday
2024-07-01 09:30:00,,5.023,18.836,70.419,508.403,Sunday
2024-07-01 09:45:00,378.373,4.895,19.439,71.793,503.296,Sunday
2024-07-01 10:00:00,391.641,4.517,20.1,72.162,422.472,Sunday
2024-07-01 10:15:00,413.938,3.728,20.265,73.287,401.043,Sunday
2024-07-01 10:30:00,422.582,3.148,19.701,74.31,325.764,Sunday
2024-07-01 10:45:00,430.094,3.037,20.151,75.169,350.097,Sunday
2024-07-01 11:00:00,425.104,2.865,20.604,74.663,311.131,Sunday
2024-07-01 11:15:00,452.943,3.366,21.387,75.196,326.892,Sunday
2024-07-01 11:30:00,481.541,2.949,21.087,75.854,301.201,Sunday
2024-07-01 11:45:00,479.336,2.926,20.632,77.551,316.067,Sunday
2024-07-01 12:00:00,487.199,2.776,21.214,77.004,337.109,Sunday
2024-07-01 12:15:00,458.012,3.252,20.513,75.347,319.392,Sunday
2024-07-01 12:30:00,451.408,3.552,20.158,74.516,350.032,Sunday
2024-07-01 12:45:00,463.118,3.596,19.11,74.198,330.535,Sunday
2024-07-01 13:00:00,462.797,4.154,19.274,75.591,363.216,Sunday
2024-07-01 13:15:00,473.586,4.787,18.648,75.374,377.868,Sunday
2024-07-01 13:30:00,425.336,5.448,19.721,74.919,429.918,Sunday
2024-07-01 13:45:00,465.663,5.255,18.913,72.522,439.279,Sunday
2024-07-01 14:00:00,430.931,5.363,18.019,71.969,455.728,Sunday
2024-07-01 14:15:00,416.225,5.065,17.595,72.025,465.419,Sunday
2024-07-01 14:30:00,395.703,5.406,17.896,69.382,506.071,Sunday
2024-07-01 14:45:00,373.447,5.539,18.412,68.177,483.727,Sunday
2024-07-01 15:00:00,397.348,5.619,17.884,67.831,513.072,Sunday
2024-07-01 15:15:00,372.402,5.644,18.239,66.869,607.992,Sunday
2024-07-01 15:30:00,338.062,5.617,18.791,66.329,652.546,Sunday
2024-07-01 15:45:00,324.139,5.957,,65.167,698.289,Sunday
2024-07-01 16:00:00,324.963,580.029,19.693,63.736,741.751,Sunday
2024-07-01 16:15:00,341.983,596.312,19.626,64.607,755.142,Sunday
2024-07-01 16:30:00,300.739,587.829,18.339,63.059,845.321,Sunday
2024-07-01 16:45:00,270.717,588.74,18.238,64.208,868.715,Sunday
2024-07-01 17:00:00,279.352,623.78,18.928,64.13,919.9,Sunday
2024-07-01 17:15:00,270.038,632.099,18.931,63.014,966.95,Sunday
2024-07-01 17:30:00,226.236,675.639,17.981,63.833,962.074,Sunday
2024-07-01 17:45:00,260.031,710.721,18.111,62.771,1055.74,Sunday
2024-07-01 18:00:00,253.235,694.395,18.214,61.649,1065.979,Sunday
2024-07-01 18:15:00,264.762,711.022,18.17,61.292,1070.513,Sunday
2024-07-01 18:30:00,281.483,732.267,17.663,61.618,1038.357,Sunday
2024-07-01 18:45:00,271.893,712.932,17.121,61.239,1031.851,Sunday
2024-07-01 19:00:00,254.005,726.142,16.18,61.826,973.149,Sunday
2024-07-01 19:15:00,246.229,694.612,16.781,61.16,944.104,Sunday
2024-07-01 19:30:00,307.878,690.26,17.807,62.892,869.568,Sunday
2024-07-01 19:45:00,278.169,735.548,17.299,62.746,838.379,Sunday
2024-07-01 20:00:00,286.908,760.59,16.893,62.75,807.342,Sunday
2024-07-01 20:15:00,297.009,778.665,16.76,62.268,779.177,Sunday
2024-07-01 20:30:00,312.087,720.414,16.986,63.372,774.305,Sunday
2024-07-01 20:45:00,319.565,661.74,16.943,65.607,707.71,Sunday
2024-07-01 21:00:00,326.395,655.122,16.538,66.293,671.521,Sunday
2024-07-01 21:15:00,340.495,563.092,16.257,68.215,581.306,Sunday
2024-07-01 21:30:00,362.097,512.815,16.336,68.287,582.72,Sunday
2024-07-01 21:45:00,368.283,477.391,16.63,69.565,538.594,Sunday
2024-07-01 22:00:00,379.307,441.392,17.209,70.623,574.466,Sunday
2024-07-01 22:15:00,404.648,398.485,16.719,72.218,532.525,Sunday
2024-07-01 22:30:00,411.543,395.711,16.483,72.07,525.458,Sunday
2024-07-01 22:45:00,449.295,328.952,17.204,72.864,512.002,Sunday
2024-07-01 23:00:00,397.197,235.828,17.65,74.674,495.716,Sunday
2024-07-01 23:15:00,462.243,122.391,19.084,76.417,431.191,Sunday
2024-07-01 23:30:00,472.002,106.11,20.038,76.332,377.33,Sunday
2024-07-01 23:45:00,428.054,142.04,19.664,75.523,334.596,Sunday
2024-08-01 00:00:00,508.161,148.119,20.729,77.08,330.876,Monday
2024-08-01 00:15:00,510.109,154.852,21.545,78.18,342.736,Monday
2024-08-01 00:30:00,495.139,124.541,21.552,78.566,281.657,Monday
2024-08-01 00:45:00,503.338,118.562,21.903,79.298,285.413,Monday
2024-08-01 01:00:00,495.303,109.152,22.496,79.593,286.913,Monday
2024-08-01 01:15:00,533.458,150.668,22.312,78.269,307.354,Monday
2024-08-01 01:30:00,514.758,150.513,21.895,79.081,306.622,Monday
2024-08-01 01:45:00,511.793,202.985,22.437,79.126,271.865,Monday
2024-08-01 02:00:00,494.126,239.133,22.577,77.906,201.913,Monday
2024-08-01 02:15:00,455.693,3.098,22.023,76.92,240.628,Monday
2024-08-01 02:30:00,453.017,3.145,21.494,74.902,281.515,Monday
2024-08-01 02:45:00,455.61,2.823,22.074,75.41,301.334,Monday
2024-08-01 03:00:00,416.668,2.748,21.026,72.775,346.048,Monday
2024-08-01 03:15:00,431.998,3.225,20.949,72.254,372.027,Monday
2024-08-01 03:30:00,403.807,3.814,21.736,71.694,443.176,Monday
2024-08-01 03:45:00,387.943,3.894,21.122,69.533,482.584,Monday
2024-08-01 04:00:00,390.664,4.623,20.348,67.564,461.741,Monday
2024-08-01 04:15:00,373.612,4.75,20.048,66.48,513.673,Monday
2024-08-01 04:30:00,349.218,4.874,20.476,66.432,544.98,Monday
2024-08-01 04:45:00,360.655,4.678,20.184,63.743,624.542,Monday
2024-08-01 05:00:00,316.823,,19.894,64.246,718.826,Monday
2024-08-01 05:15:00,333.368,4.87,20.037,63.909,719.436,Monday
2024-08-01 05:30:00,325.586,5.355,19.672,64.0,748.881,Monday
2024-08-01 05:45:00,306.202,5.635,19.648,62.129,788.019,Monday
2024-08-01 06:00:00,311.591,5.779,19.726,64.004,806.88,Monday
2024-08-01 06:15:00,285.553,5.885,19.246,62.116,813.823,Monday
2024-08-01 06:30:00,317.609,5.492,18.64,61.224,759.274,Monday
2024-08-01 06:45:00,302.221,5.554,18.822,62.102,747.943,Monday
2024-08-01 07:00:00,300.198,5.371,18.713,62.891,777.835,Monday
2024-08-01 07:15:00,328.562,5.147,19.3,62.548,742.977,Monday
2024-08-01 07:30:00,308.712,5.036,19.523,62.325,715.296,Monday
2024-08-01 07:45:00,306.153,4.835,19.156,63.566,713.85,Monday
2024-08-01 08:00:00,313.349,5.151,18.671,64.321,667.55,Monday
2024-08-01 08:15:00,356.461,4.782,19.029,65.421,617.458,Monday
2024-08-01 08:30:00,339.909,4.08,19.858,67.353,575.564,Monday
2024-08-01 08:45:00,398.052,4.12,19.238,69.14,525.062,Monday
2024-08-01 09:00:00,353.771,3.714,20.073,70.018,452.305,Monday
2024-08-01 09:15:00,424.144,3.154,20.041,71.63,408.667,Monday
2024-08-01 09:30:00,415.753,3.153,20.416,72.789,,Monday
2024-08-01 09:45:00,424.984,3.157,20.628,,367.675,Monday
2024-08-01 10:00:00,431.826,2.528,20.832,75.492,314.466,Monday
2024-08-01 10:15:00,459.039,2.492,20.731,76.435,318.309,Monday
2024-08-01 10:30:00,464.803,2.311,20.228,76.743,283.622,Monday
2024-08-01 10:45:00,493.285,2.411,20.205,78.738,218.543,Monday
2024-08-01 11:00:00,488.675,2.229,20.59,78.383,204.013,Monday
2024-08-01 11:15:00,498.125,2.011,19.932,77.526,197.008,Monday
2024-08-01 11:30:00,497.857,1.977,19.182,78.556,157.185,Monday
2024-08-01 11:45:00,508.3,1.605,20.075,80.382,133.018,Monday
2024-08-01 12:00:00,517.918,1.452,20.448,79.625,151.245,Monday
2024-08-01 12:15:00,490.028,0.962,20.455,79.25,200.705,Monday
2024-08-01 12:30:00,496.029,1.0,20.45,79.035,170.594,Monday
2024-08-01 12:45:00,526.154,0.976,20.52,78.822,164.855,Monday
2024-08-01 13:00:00,514.525,0.777,20.769,77.933,166.965,Monday
2024-08-01 13:15:00,504.414,0.627,21.084,78.712,143.219,Monday
2024-08-01 13:30:00,500.999,0.806,21.591,78.481,179.603,Monday
2024-08-01 13:45:00,,1.224,22.081,77.328,226.106,Monday
2024-08-01 14:00:00,475.205,1.371,21.817,76.042,208.162,Monday
2024-08-01 14:15:00,460.954,1.437,22.122,,192.989,Monday
2024-08-01 14:30:00,463.822,1.803,22.645,75.864,231.979,Monday
2024-08-01 14:45:00,433.594,2.308,21.918,72.464,307.89,Monday
2024-08-01 15:00:00,441.124,2.625,21.197,72.62,298.119,Monday
2024-08-01 15:15:00,395.764,3.279,21.586,72.842,206.266,Monday
2024-08-01 15:30:00,422.849,3.358,21.256,73.929,277.878,Monday
2024-08-01 15:45:00,400.654,3.307,21.312,71.794,343.476,Monday
2024-08-01 16:00:00,383.84,4.099,21.921,69.165,364.863,Monday
2024-08-01 16:15:00,381.688,4.921,21.405,67.764,,Monday
2024-08-01 16:30:00,379.615,5.093,20.409,67.33,384.55,Monday
2024-08-01 16:45:00,358.48,4.871,20.204,68.123,393.826,Monday
2024-08-01 17:00:00,305.425,5.001,20.896,68.678,466.74,Monday
2024-08-01 17:15:00,304.936,5.054,20.325,67.227,569.489,Monday
2024-08-01 17:30:00,307.317,5.469,20.444,65.26,544.773,Monday
2024-08-01 17:45:00,311.237,5.339,20.12,66.576,523.219,Monday
2024-08-01 18:00:00,314.464,5.602,20.293,64.307,560.114,Monday
2024-08-01 18:15:00,293.433,6.541,19.689,64.542,647.403,Monday
2024-08-01 18:30:00,306.55,6.794,20.422,63.096,636.121,Monday
2024-08-01 18:45:00,293.664,6.803,20.815,65.156,644.426,Monday
2024-08-01 19:00:00,298.866,6.583,19.598,66.885,609.007,Monday
2024-08-01 19:15:00,291.727,6.417,19.734,67.13,622.516,Monday
2024-08-01 19:30:00,305.429,6.186,20.754,67.078,629.518,Monday
2024-08-01 19:45:00,307.005,5.802,20.553,66.144,648.187,Monday
2024-08-01 20:00:00,322.061,5.84,20.353,66.639,619.888,Monday
2024-08-01 20:15:00,363.176,5.843,20.556,67.438,588.48,Monday
2024-08-01 20:30:00,344.875,5.771,19.329,68.629,571.4,Monday
2024-08-01 20:45:00,411.216,5.752,20.009,68.532,495.93,Monday
2024-08-01 21:00:00,392.4,5.39,19.616,70.255,494.911,Monday
2024-08-01 21:15:00,401.47,4.633,19.87,68.999,442.61,Monday
2024-08-01 21:30:00,399.713,4.269,19.934,70.553,434.03,Monday
2024-08-01 21:45:00,436.939,4.246,18.799,69.987,328.833,Monday
2024-08-01 22:00:00,431.365,4.198,19.572,69.534,349.584,Monday
2024-08-01 22:15:00,454.882,3.501,19.848,69.495,346.595,Monday
2024-08-01 22:30:00,503.769,3.114,19.513,69.429,306.718,Monday
2024-08-01 22:45:00,475.294,3.397,20.111,69.454,236.347,Monday
2024-08-01 23:00:00,504.201,2.879,20.417,69.586,206.478,Monday
2024-08-01 23:15:00,485.323,2.692,20.773,71.638,124.003,Monday
2024-08-01 23:30:00,502.786,1.995,22.025,72.121,178.756,Monday
2024-08-01 23:45:00,535.716,1.694,21.99,72.917,194.689,Monday
2024-09-01 00:00:00,503.897,2.069,22.092,73.553,166.94,Tuesday
2024-09-01 00:15:00,542.867,1.588,21.856,75.099,128.019,Tuesday
2024-09-01 00:30:00,526.868,1.59,20.924,74.703,73.689,Tuesday
2024-09-01 00:45:00,506.568,1.762,22.607,74.359,149.889,Tuesday
2024-09-01 01:00:00,521.448,1.681,22.766,75.992,134.065,Tuesday
2024-09-01 01:15:00,521.762,2.022,22.283,78.051,136.812,Tuesday
2024-09-01 01:30:00,510.05,2.085,21.776,77.633,147.914,Tuesday
2024-09-01 01:45:00,469.166,2.09,21.58,77.437,116.943,Tuesday
2024-09-01 02:00:00,472.394,2.387,21.516,76.832,179.574,Tuesday
2024-09-01 02:15:00,468.916,2.88,21.388,74.171,236.346,Tuesday
2024-09-01 02:30:00,459.768,3.504,20.78,74.205,251.218,Tuesday
2024-09-01 02:45:00,457.58,4.189,20.724,72.763,305.448,Tuesday
2024-09-01 03:00:00,437.666,4.154,20.963,73.067,297.426,Tuesday
2024-09-01 03:15:00,401.272,4.703,21.291,72.874,380.53,Tuesday
2024-09-01 03:30:00,413.115,4.961,20.597,72.318,495.853,Tuesday
2024-09-01 03:45:00,402.724,4.874,19.152,72.915,514.677,Tuesday
2024-09-01 04:00:00,388.397,5.278,18.118,71.617,571.432,Tuesday
2024-09-01 04:15:00,383.16,5.386,18.598,69.176,602.578,Tuesday
2024-09-01 04:30:00,367.141,5.904,20.206,68.849,651.649,Tuesday
2024-09-01 04:45:00,350.152,6.321,20.026,68.785,737.763,Tuesday
2024-09-01 05:00:00,331.986,6.377,19.552,68.815,724.652,Tuesday
2024-09-01 05:15:00,299.215,6.645,19.573,68.761,781.156,Tuesday
2024-09-01 05:30:00,323.133,6.825,19.788,66.856,813.244,Tuesday
2024-09-01 05:45:00,313.961,6.437,19.926,66.297,816.524,Tuesday
2024-09-01 06:00:00,310.772,6.01,19.977,64.426,904.828,Tuesday
2024-09-01 06:15:00,285.168,5.913,20.731,63.283,912.671,Tuesday
2024-09-01 06:30:00,287.532,6.176,21.152,64.315,845.846,Tuesday
2024-09-01 06:45:00,320.792,6.206,21.459,62.825,852.339,Tuesday
2024-09-01 07:00:00,307.445,5.862,21.471,62.679,835.007,Tuesday
2024-09-01 07:15:00,323.049,5.75,21.665,64.283,816.494,Tuesday
2024-09-01 07:30:00,319.702,5.788,20.125,66.662,789.599,Tuesday
2024-09-01 07:45:00,327.727,5.506,19.876,66.766,763.294,Tuesday
2024-09-01 08:00:00,350.773,5.454,19.997,67.205,769.038,Tuesday
2024-09-01 08:15:00,339.631,4.91,20.154,68.3,732.676,Tuesday
2024-09-01 08:30:00,360.557,4.382,20.435,70.102,631.598,Tuesday
2024-09-01 08:45:00,364.796,3.936,19.914,71.524,580.331,Tuesday
2024-09-01 09:00:00,378.483,4.463,19.811,72.598,534.295,Tuesday
2024-09-01 09:15:00,394.06,4.25,18.832,71.86,491.36,Tuesday
2024-09-01 09:30:00,415.92,3.965,18.929,71.896,458.187,Tuesday
2024-09-01 09:45:00,419.253,3.976,18.813,73.898,355.71,Tuesday
2024-09-01 10:00:00,458.836,,19.232,,290.066,Tuesday
2024-09-01 10:15:00,439.633,3.79,20.162,75.783,177.37,Tuesday
2024-09-01 10:30:00,462.564,3.473,20.842,74.587,146.04,Tuesday
2024-09-01 10:45:00,470.139,3.096,20.596,75.462,92.433,Tuesday
2024-09-01 11:00:00,508.666,2.708,20.627,77.312,18.022,Tuesday
2024-09-01 11:15:00,498.819,2.655,20.752,77.017,-20.363,Tuesday
2024-09-01 11:30:00,518.789,2.286,21.347,77.223,2.978,Tuesday
2024-09-01 11:45:00,486.871,2.623,21.256,77.477,66.169,Tuesday
2024-09-01 12:00:00,517.307,2.039,20.559,78.305,-18.0,Tuesday
2024-09-01 12:15:00,529.025,2.007,21.689,80.589,-8.597,Tuesday
2024-09-01 12:30:00,517.486,1.787,22.38,79.38,22.0,Tuesday
2024-09-01 12:45:00,530.987,1.492,22.08,78.74,45.21,Tuesday
2024-09-01 13:00:00,504.202,1.418,22.42,78.455,77.04,Tuesday
2024-09-01 13:15:00,528.314,1.474,20.317,76.824,124.326,Tuesday
2024-09-01 13:30:00,535.206,1.655,20.093,77.265,144.802,Tuesday
2024-09-01 13:45:00,487.277,1.558,20.696,77.255,221.005,Tuesday
2024-09-01 14:00:00,476.619,,21.187,74.039,291.32,Tuesday
2024-09-01 14:15:00,494.429,2.544,20.219,74.483,343.313,Tuesday
2024-09-01 14:30:00,484.578,2.866,19.243,74.066,368.827,Tuesday
2024-09-01 14:45:00,440.427,2.756,19.366,74.21,324.586,Tuesday
2024-09-01 15:00:00,428.697,3.278,20.057,72.857,406.405,Tuesday
2024-09-01 15:15:00,417.076,3.616,18.737,72.313,460.734,Tuesday
2024-09-01 15:30:00,387.245,3.894,18.264,72.601,442.493,Tuesday
2024-09-01 15:45:00,379.786,4.271,18.086,73.096,471.273,Tuesday
2024-09-01 16:00:00,364.938,4.631,17.939,72.683,523.873,Tuesday
2024-09-01 16:15:00,355.431,5.237,19.205,71.705,556.314,Tuesday
2024-09-01 16:30:00,,5.395,18.968,72.1,572.041,Tuesday
2024-09-01 16:45:00,346.778,5.848,18.721,71.641,562.093,Tuesday
2024-09-01 17:00:00,356.296,6.151,17.645,72.561,545.321,Tuesday
2024-09-01 17:15:00,309.154,6.333,17.831,70.37,539.504,Tuesday
2024-09-01 17:30:00,331.454,6.637,17.703,,586.78,Tuesday
2024-09-01 17:45:00,307.636,6.68,19.094,67.837,606.969,Tuesday
2024-09-01 18:00:00,305.957,6.865,18.499,67.416,584.241,Tuesday
2024-09-01 18:15:00,314.442,6.863,19.43,66.081,549.481,Tuesday
2024-09-01 18:30:00,286.907,6.326,20.022,65.973,598.166,Tuesday
2024-09-01 18:45:00,310.731,6.452,20.512,65.951,627.163,Tuesday
2024-09-01 19:00:00,310.535,6.161,20.996,66.257,604.21,Tuesday
2024-09-01 19:15:00,320.213,5.887,20.817,65.677,623.325,Tuesday
2024-09-01 19:30:00,323.615,5.766,21.13,64.438,584.252,Tuesday
2024-09-01 19:45:00,364.11,5.721,21.166,63.747,585.698,Tuesday
2024-09-01 20:00:00,327.133,5.535,22.364,63.748,597.341,Tuesday
2024-09-01 20:15:00,339.406,4.791,23.088,65.249,567.602,Tuesday
2024-09-01 20:30:00,349.768,4.718,22.965,66.464,543.325,Tuesday
2024-09-01 20:45:00,363.398,4.64,21.48,66.168,513.239,Tuesday
2024-09-01 21:00:00,375.439,4.302,21.998,66.867,537.021,Tuesday
2024-09-01 21:15:00,416.533,4.197,21.213,67.743,516.485,Tuesday
2024-09-01 21:30:00,433.896,4.214,20.909,66.465,455.171,Tuesday
2024-09-01 21:45:00,417.874,3.954,21.47,67.8,411.535,Tuesday
2024-09-01 22:00:00,427.515,3.701,20.706,68.904,380.753,Tuesday
2024-09-01 22:15:00,460.123,3.547,20.722,70.526,356.816,Tuesday
2024-09-01 22:30:00,457.084,3.228,20.768,71.701,322.006,Tuesday
2024-09-01 22:45:00,486.229,3.314,21.271,72.266,254.275,Tuesday
2024-09-01 23:00:00,490.005,3.133,20.821,72.634,227.586,Tuesday
2024-09-01 23:15:00,473.135,3.23,20.323,72.965,224.325,Tuesday
2024-09-01 23:30:00,526.523,3.055,20.673,73.561,169.144,Tuesday
2024-09-01 23:45:00,536.093,3.096,21.52,74.992,180.594,Tuesday
2024-10-01 00:00:00,504.109,2.911,21.769,75.192,119.701,Wednesday
